date,state,death,deathConfirmed,deathIncrease,deathProbable,hospitalized,hospitalizedCumulative,hospitalizedCurrently,hospitalizedIncrease,inIcuCumulative,inIcuCurrently,negative,negativeIncrease,negativeTestsAntibody,negativeTestsPeopleAntibody,negativeTestsViral,onVentilatorCumulative,onVentilatorCurrently,positive,positiveCasesViral,positiveIncrease,positiveScore,positiveTestsAntibody,positiveTestsAntigen,positiveTestsPeopleAntibody,positiveTestsPeopleAntigen,positiveTestsViral,recovered,totalTestEncountersViral,totalTestEncountersViralIncrease,totalTestResults,totalTestResultsIncrease,totalTestsAntibody,totalTestsAntigen,totalTestsPeopleAntibody,totalTestsPeopleAntigen,totalTestsPeopleViral,totalTestsPeopleViralIncrease,totalTestsViral,totalTestsViralIncrease
2/25/2021,MT,1350,,2,,4567,4567,75,8,,15,968063,7332,,,,,6,99445,95356,203,0,,,,,,96178,,0,1067508,7535,,,,,,0,1063419,7249
2/24/2021,MT,1348,,2,,4559,4559,97,5,,18,960731,3554,,,,,12,99242,95439,202,0,,,,,,96040,,0,1059973,3756,,,,,,0,1056170,3437
2/23/2021,MT,1346,,5,,4554,4554,85,27,,21,957177,2309,,,,,13,99040,95556,230,0,,,,,,95772,,0,1056217,2539,,,,,,0,1052733,2341
2/22/2021,MT,1341,,-1,,4527,4527,78,5,,18,954868,1467,,,,,11,98810,95524,31,0,,,,,,95299,,0,1053678,1498,,,,,,0,1050392,1491
2/21/2021,MT,1342,,1,,4522,4522,78,5,,18,953401,3128,,,,,11,98779,95500,138,0,,,,,,95211,,0,1052180,3266,,,,,,0,1048901,3228
2/20/2021,MT,1341,,2,,4517,4517,78,11,,18,950273,5203,,,,,11,98641,95400,264,0,,,,,,94874,,0,1048914,5467,,,,,,0,1045673,5329
2/19/2021,MT,1339,,2,,4506,4506,96,22,,18,945070,4692,,,,,12,98377,95274,277,0,,,,,,94613,,0,1043447,4969,,,,,,0,1040344,4904
2/18/2021,MT,1337,,3,,4484,4484,109,7,,19,940378,5950,,,,,13,98100,95062,200,0,,,,,,94201,,0,1038478,6150,,,,,,0,1035440,6120
2/17/2021,MT,1334,,3,,4477,4477,91,16,,23,934428,3808,,,,,14,97900,94892,234,0,,,,,,94034,,0,1032328,4042,,,,,,0,1029320,3953
2/16/2021,MT,1331,,3,,4461,4461,96,17,,26,930620,1344,,,,,11,97666,94747,127,0,,,,,,93669,,0,1028286,1471,,,,,,0,1025367,1383
2/15/2021,MT,1328,,1,,4444,4444,92,5,,24,929276,2806,,,,,15,97539,94708,138,0,,,,,,93476,,0,1026815,2944,,,,,,0,1023984,2923
2/14/2021,MT,1327,,0,,4439,4439,92,-2,,24,926470,2990,,,,,15,97401,94591,104,0,,,,,,93328,,0,1023871,3094,,,,,,0,1021061,3082
2/13/2021,MT,1327,,3,,4441,4441,92,9,,24,923480,5538,,,,,15,97297,94499,234,0,,,,,,93148,,0,1020777,5772,,,,,,0,1017979,5734
2/12/2021,MT,1324,,4,,4432,4432,100,18,,23,917942,4443,,,,,13,97063,94303,221,0,,,,,,92822,,0,1015005,4664,,,,,,0,1012245,4616
2/11/2021,MT,1320,,0,,4414,4414,111,14,,25,913499,6346,,,,,12,96842,94130,247,0,,,,,,92497,,0,1010341,6593,,,,,,0,1007629,6555
2/10/2021,MT,1320,,5,,4400,4400,108,26,,19,907153,3532,,,,,11,96595,93921,307,0,,,,,,92248,,0,1003748,3839,,,,,,0,1001074,3795
2/9/2021,MT,1315,,1,,4374,4374,102,18,,24,903621,4035,,,,,14,96288,93658,374,0,,,,,,91784,,0,999909,4409,,,,,,0,997279,4341
2/8/2021,MT,1314,,0,,4356,4356,101,3,,18,899586,4235,,,,,10,95914,93352,124,0,,,,,,91380,,0,995500,4359,,,,,,0,992938,4341
2/7/2021,MT,1314,,2,,4353,4353,101,3,,18,895351,1902,,,,,10,95790,93246,73,0,,,,,,91162,,0,991141,1975,,,,,,0,988597,1962
2/6/2021,MT,1312,,5,,4350,4350,107,9,,18,893449,5227,,,,,10,95717,93186,259,0,,,,,,91060,,0,989166,5486,,,,,,0,986635,5457
2/5/2021,MT,1307,,-1,,4341,4341,102,14,,24,888222,6143,,,,,14,95458,92956,347,0,,,,,,90654,,0,983680,6490,,,,,,0,981178,6455
2/4/2021,MT,1308,,5,,4327,4327,115,20,,23,882079,6362,,,,,13,95111,92644,301,0,,,,,,90402,,0,977190,6663,,,,,,0,974723,6608
2/3/2021,MT,1303,,54,,4307,4307,121,34,,18,875717,7649,,,,,13,94810,92398,426,0,,,,,,90086,,0,970527,8075,,,,,,0,968115,7985
2/2/2021,MT,1249,,15,,4273,4273,116,25,,20,868068,3160,,,,,13,94384,92062,314,0,,,,,,89542,,0,962452,3474,,,,,,0,960130,3412
2/1/2021,MT,1234,,1,,4248,4248,108,3,,20,864908,2369,,,,,15,94070,91810,121,0,,,,,,89218,,0,958978,2490,,,,,,0,956718,2469
1/31/2021,MT,1233,,1,,4245,4245,101,-1,,20,862539,3341,,,,,15,93949,91710,187,0,,,,,,89073,,0,956488,3528,,,,,,0,954249,3506
1/30/2021,MT,1232,,5,,4246,4246,101,29,,20,859198,7941,,,,,15,93762,91545,516,0,,,,,,88822,,0,952960,8457,,,,,,0,950743,8353
1/29/2021,MT,1227,,17,,4217,4217,103,14,,23,851257,5224,,,,,17,93246,91133,312,0,,,,,,88291,,0,944503,5536,,,,,,0,942390,5462
1/28/2021,MT,1210,,9,,4203,4203,114,26,,19,846033,8605,,,,,15,92934,90895,403,0,,,,,,87720,,0,938967,9008,,,,,,0,936928,8947
1/27/2021,MT,1201,,16,,4177,4177,118,36,,22,837428,6632,,,,,15,92531,90553,371,0,,,,,,87018,,0,929959,7003,,,,,,0,927981,5025
1/26/2021,MT,1185,,34,,4141,4141,128,13,,23,830796,2496,,,,,16,92160,,344,0,,,,,,86733,,0,922956,2840,,,,,,0,922956,2840
1/25/2021,MT,1151,,0,,4128,4128,129,3,,25,828300,8266,,,,,15,91816,,164,0,,,,,,86274,,0,920116,8430,,,,,,0,920116,8430
1/24/2021,MT,1151,,10,,4125,4125,135,13,,25,820034,4691,,,,,15,91652,,242,0,,,,,,85881,,0,911686,4933,,,,,,0,911686,4933
1/23/2021,MT,1141,,37,,4112,4112,141,31,,25,815343,6623,,,,,15,91410,,361,0,,,,,,85686,,0,906753,6984,,,,,,0,906753,6984
1/22/2021,MT,1104,,4,,4081,4081,138,32,,27,808720,6599,,,,,14,91049,,400,0,,,,,,85095,,0,899769,6999,,,,,,0,899769,6999
1/21/2021,MT,1100,,6,,4049,4049,137,27,,26,802121,4492,,,,,12,90649,,394,0,,,,,,84708,,0,892770,4886,,,,,,0,892770,4886
1/20/2021,MT,1094,,1,,4022,4022,159,30,,25,797629,3821,,,,,13,90255,,391,0,,,,,,84255,,0,887884,4212,,,,,,0,887884,4212
1/19/2021,MT,1093,,0,,3992,3992,163,18,,26,793808,1972,,,,,13,89864,,288,0,,,,,,83825,,0,883672,2260,,,,,,0,883672,2260
1/18/2021,MT,1093,,1,,3974,3974,169,12,,32,791836,1501,,,,,17,89576,,183,0,,,,,,83527,,0,881412,1684,,,,,,0,881412,1684
1/17/2021,MT,1092,,4,,3962,3962,172,5,,32,790335,4448,,,,,17,89393,,337,0,,,,,,83154,,0,879728,4785,,,,,,0,879728,4785
1/16/2021,MT,1088,,2,,3957,3957,190,17,,32,785887,4958,,,,,17,89056,,421,0,,,,,,82920,,0,874943,5379,,,,,,0,874943,5379
1/15/2021,MT,1086,,9,,3940,3940,188,23,,34,780929,6612,,,,,17,88635,,525,0,,,,,,82460,,0,869564,7137,,,,,,0,869564,7137
1/14/2021,MT,1077,,8,,3917,3917,192,14,,36,774317,6901,,,,,21,88110,,457,0,,,,,,82190,,0,862427,7358,,,,,,0,862427,7358
1/13/2021,MT,1069,,2,,3903,3903,199,20,,36,767416,2899,,,,,21,87653,,576,0,,,,,,81676,,0,855069,3475,,,,,,0,855069,3475
1/12/2021,MT,1067,,10,,3883,3883,187,30,,36,764517,5731,,,,,21,87077,,424,0,,,,,,81183,,0,851594,6155,,,,,,0,851594,6155
1/11/2021,MT,1057,,1,,3853,3853,207,19,,35,758786,2860,,,,,18,86653,,329,0,,,,,,80674,,0,845439,3189,,,,,,0,845439,3189
1/10/2021,MT,1056,,2,,3834,3834,201,-3,,36,755926,4892,,,,,17,86324,,222,0,,,,,,80237,,0,842250,5114,,,,,,0,842250,5114
1/9/2021,MT,1054,,5,,3837,3837,204,23,,40,751034,4715,,,,,22,86102,,534,0,,,,,,79906,,0,837136,5249,,,,,,0,837136,5249
1/8/2021,MT,1049,,11,,3814,3814,205,32,,37,746319,7790,,,,,21,85568,,818,0,,,,,,79114,,0,831887,8608,,,,,,0,831887,8608
1/7/2021,MT,1038,,23,,3782,3782,208,44,,40,738529,5447,,,,,21,84750,,690,0,,,,,,78796,,0,823279,6137,,,,,,0,823279,6137
1/6/2021,MT,1015,,10,,3738,3738,219,52,,41,733082,3378,,,,,21,84060,,682,0,,,,,,78114,,0,817142,4060,,,,,,0,817142,4060
1/5/2021,MT,1005,,30,,3686,3686,212,36,,37,729704,1488,,,,,22,83378,,714,0,,,,,,77449,,0,813082,2202,,,,,,0,813082,2202
1/4/2021,MT,975,,3,,3650,3650,191,19,,39,728216,14801,,,,,22,82664,,283,0,,,,,,76633,,0,810880,15084,,,,,,0,810880,15084
1/3/2021,MT,972,,1,,3631,3631,192,13,,39,713415,2580,,,,,22,82381,,437,0,,,,,,76501,,0,795796,3017,,,,,,0,795796,3017
1/2/2021,MT,971,,10,,3618,3618,194,50,,39,710835,801,,,,,23,81944,,389,0,,,,,,75974,,0,792779,1190,,,,,,0,792779,1190
1/1/2021,MT,961,,0,,3568,3568,203,0,,39,710034,0,,,,,23,81555,,0,0,,,,,,74991,,0,791589,0,,,,,,0,791589,0
12/31/2020,MT,961,,11,,3568,3568,203,15,,44,710034,4526,,,,,25,81555,,255,0,,,,,,74991,,0,791589,4781,,,,,,0,791589,4781
12/30/2020,MT,950,,11,,3553,3553,223,39,,46,705508,2439,,,,,26,81300,,874,0,,,,,,74970,,0,786808,3313,,,,,,0,786808,3313
12/29/2020,MT,939,,12,,3514,3514,218,50,,47,703069,1050,,,,,24,80426,,427,0,,,,,,74096,,0,783495,1477,,,,,,0,783495,1477
12/28/2020,MT,927,,3,,3464,3464,213,13,,43,702019,1680,,,,,21,79999,,219,0,,,,,,73481,,0,782018,1899,,,,,,0,782018,1899
12/27/2020,MT,924,,5,,3451,3451,200,22,,44,700339,1231,,,,,22,79780,,347,0,,,,,,72729,,0,780119,1578,,,,,,0,780119,1578
12/26/2020,MT,919,,3,,3429,3429,216,23,,46,699108,6344,,,,,21,79433,,504,0,,,,,,72284,,0,778541,6848,,,,,,0,778541,6848
12/25/2020,MT,916,,0,,3406,3406,241,0,,46,692764,0,,,,,21,78929,,0,0,,,,,,70176,,0,771693,0,,,,,,0,771693,0
12/24/2020,MT,916,,2,,3406,3406,241,46,,47,692764,5090,,,,,19,78929,,407,0,,,,,,70176,,0,771693,5497,,,,,,0,771693,5497
12/23/2020,MT,914,,19,,3360,3360,251,28,,50,687674,2767,,,,,24,78522,,575,0,,,,,,69555,,0,766196,3342,,,,,,0,766196,3342
12/22/2020,MT,895,,14,,3332,3332,253,52,,62,684907,3252,,,,,27,77947,,623,0,,,,,,69101,,0,762854,3875,,,,,,0,762854,3875
12/21/2020,MT,881,,16,,3280,3280,253,19,,64,681655,3534,,,,,31,77324,,154,0,,,,,,68440,,0,758979,3688,,,,,,0,758979,3688
12/20/2020,MT,865,,1,,3261,3261,258,13,,61,678121,2497,,,,,35,77170,,551,0,,,,,,67435,,0,755291,3048,,,,,,0,755291,3048
12/19/2020,MT,864,,10,,3248,3248,267,22,,63,675624,3814,,,,,38,76619,,627,0,,,,,,67271,,0,752243,4441,,,,,,0,752243,4441
12/18/2020,MT,854,,5,,3226,3226,275,27,,63,671810,4753,,,,,35,75992,,509,0,,,,,,65873,,0,747802,5262,,,,,,0,747802,5262
12/17/2020,MT,849,,13,,3199,3199,306,46,,64,667057,5642,,,,,29,75483,,839,0,,,,,,65393,,0,742540,6481,,,,,,0,742540,6481
12/16/2020,MT,836,,10,,3153,3153,311,34,,65,661415,2716,,,,,35,74644,,604,0,,,,,,64737,,0,736059,3320,,,,,,0,736059,3320
12/15/2020,MT,826,,8,,3119,3119,338,39,,68,658699,9694,,,,,34,74040,,737,0,,,,,,64298,,0,732739,10431,,,,,,0,732739,5680
12/14/2020,MT,818,,0,,3080,3080,350,0,,70,649005,0,,,,,36,73303,,0,0,,,,,,62778,,0,722308,0,,,,,,0,727059,4751
12/13/2020,MT,818,,2,,3080,3080,365,8,,72,649005,3147,,,,,37,73303,,659,0,,,,,,62778,,0,722308,3806,,,,,,0,722308,3806
12/12/2020,MT,816,,11,,3072,3072,365,33,,69,645858,5994,,,,,36,72644,,774,0,,,,,,61877,,0,718502,6768,,,,,,0,718502,6768
12/11/2020,MT,805,,24,,3039,3039,372,36,,69,639864,8231,,,,,36,71870,,978,0,,,,,,61093,,0,711734,9209,,,,,,0,711734,9209
12/10/2020,MT,781,,10,,3003,3003,488,40,,76,631633,2298,,,,,37,70892,,759,0,,,,,,52994,,0,702525,3057,,,,,,0,702525,3057
12/9/2020,MT,771,,8,,2963,2963,490,54,,80,629335,1803,,,,,39,70133,,787,0,,,,,,52068,,0,699468,2590,,,,,,0,699468,2590
12/8/2020,MT,763,,21,,2909,2909,479,34,,79,627532,3360,,,,,41,69346,,755,0,,,,,,51135,,0,696878,4115,,,,,,0,696878,4115
12/7/2020,MT,742,,6,,2875,2875,492,39,,77,624172,3833,,,,,40,68591,,716,0,,,,,,50652,,0,692763,4549,,,,,,0,692763,4549
12/6/2020,MT,736,,2,,2836,2836,475,21,,77,620339,4825,,,,,44,67875,,806,0,,,,,,50287,,0,688214,5631,,,,,,0,688214,5631
12/5/2020,MT,734,,7,,2815,2815,466,5,,84,615514,6688,,,,,47,67069,,633,0,,,,,,49910,,0,682583,7321,,,,,,0,682583,7321
12/4/2020,MT,727,,5,,2810,2810,483,48,,81,608826,4867,,,,,43,66436,,1314,0,,,,,,49217,,0,675262,6181,,,,,,0,675262,6181
12/3/2020,MT,722,,9,,2762,2762,474,29,,87,603959,4718,,,,,31,65122,,782,0,,,,,,48360,,0,669081,5500,,,,,,0,669081,5500
12/2/2020,MT,713,,15,,2733,2733,478,53,,90,599241,1551,,,,,45,64340,,1135,0,,,,,,47533,,0,663581,2686,,,,,,0,663581,2686
12/1/2020,MT,698,,17,,2680,2680,495,58,,88,597690,3867,,,,,46,63205,,1007,0,,,,,,46350,,0,660895,4874,,,,,,0,660895,4874
11/30/2020,MT,681,,10,,2622,2622,477,53,,84,593823,5401,,,,,46,62198,,397,0,,,,,,45486,,0,656021,5798,,,,,,0,656021,5798
11/29/2020,MT,671,,2,,2569,2569,461,0,,88,588422,3874,,,,,48,61801,,956,0,,,,,,44100,,0,650223,4830,,,,,,0,650223,4830
11/28/2020,MT,669,,12,,2569,2569,461,43,,99,584548,1830,,,,,47,60845,,1049,0,,,,,,44100,,0,645393,2879,,,,,,0,645393,2879
11/27/2020,MT,657,,-1,,2526,2526,452,-8,,97,582718,10473,,,,,45,59796,,114,0,,,,,,43290,,0,642514,10587,,,,,,0,642514,10587
11/26/2020,MT,658,,6,,2534,2534,455,60,,91,572245,2959,,,,,48,59682,,1117,0,,,,,,43077,,0,631927,4076,,,,,,0,631927,4076
11/25/2020,MT,652,,22,,2474,2474,462,54,,87,569286,3994,,,,,47,58565,,1061,0,,,,,,42012,,0,627851,5055,,,,,,0,627851,5055
11/24/2020,MT,630,,16,,2420,2420,467,43,,80,565292,3699,,,,,41,57504,,1123,0,,,,,,40686,,0,622796,4822,,,,,,0,622796,4822
11/23/2020,MT,614,,11,,2377,2377,467,27,,84,561593,4264,,,,,44,56381,,701,0,,,,,,39450,,0,617974,4965,,,,,,0,617974,4965
11/22/2020,MT,603,,3,,2350,2350,477,14,,,557329,3369,,,,,,55680,,1138,0,,,,,,39051,,0,613009,4507,,,,,,0,613009,4507
11/21/2020,MT,600,,33,,2336,2336,474,84,,,553960,5578,,,,,,54542,,1249,0,,,,,,38701,,0,608502,6827,,,,,,0,608502,6827
11/20/2020,MT,567,,6,,2252,2252,506,31,,,548382,4371,,,,,,53293,,1475,0,,,,,,30557,,0,601675,5846,,,,,,0,601675,5846
11/19/2020,MT,561,,0,,2221,2221,482,19,,,544011,3187,,,,,,51818,,1236,0,,,,,,30477,,0,595829,4423,,,,,,0,595829,4423
11/18/2020,MT,561,,18,,2202,2202,463,41,,,540824,6394,,,,,,50582,,1184,0,,,,,,30400,,0,591406,7578,,,,,,0,591406,7578
11/17/2020,MT,543,,21,,2161,2161,456,95,,,534430,9123,,,,,,49398,,1371,0,,,,,,29105,,0,583828,10494,,,,,,0,583828,10494
11/16/2020,MT,522,,2,,2066,2066,453,19,,,525307,-96,,,,,,48027,,869,0,,,,,,27496,,0,573334,773,,,,,,0,573334,773
11/15/2020,MT,520,,6,,2047,2047,435,5,,,525403,1595,,,,,,47158,,1272,0,,,,,,27472,,0,572561,2867,,,,,,0,572561,2867
11/14/2020,MT,514,,37,,2042,2042,435,486,,,523808,1508,,,,,,45886,,1642,0,,,,,,27472,,0,569694,3150,,,,,,0,569694,3150
11/13/2020,MT,477,,5,,1556,1556,492,15,,,522300,7380,,,,,,44244,,1213,0,,,,,,25389,,0,566544,8593,,,,,,0,566544,8593
11/12/2020,MT,472,,0,,1541,1541,499,11,,,514920,9262,,,,,,43031,,961,0,,,,,,24804,,0,557951,10223,,,,,,0,557951,10223
11/11/2020,MT,472,,10,,1530,1530,500,20,,,505658,2243,,,,,,42070,,919,0,,,,,,24594,,0,547728,3162,,,,,,0,547728,3162
11/10/2020,MT,462,,5,,1510,1510,487,18,,,503415,2555,,,,,,41151,,1098,0,,,,,,23873,,0,544566,3653,,,,,,0,544566,3653
11/9/2020,MT,457,,1,,1492,1492,470,15,,,500860,13948,,,,,,40053,,374,0,,,,,,23825,,0,540913,14322,,,,,,0,540913,14322
11/8/2020,MT,456,,11,,1477,1477,458,12,,,486912,684,,,,,,39679,,731,0,,,,,,23793,,0,526591,1415,,,,,,0,526591,1415
11/7/2020,MT,445,,26,,1465,1465,446,18,,,486228,579,,,,,,38948,,1001,0,,,,,,23825,,0,525176,1580,,,,,,0,525176,1580
11/6/2020,MT,419,,12,,1447,1447,437,26,,,485649,2593,,,,,,37947,,979,0,,,,,,23607,,0,523596,3572,,,,,,0,523596,3572
11/5/2020,MT,407,,3,,1421,1421,414,19,,,483056,1723,,,,,,36968,,1013,0,,,,,,23300,,0,520024,2736,,,,,,0,520024,2736
11/4/2020,MT,404,,5,,1402,1402,407,18,,,481333,3968,,,,,,35955,,796,0,,,,,,22146,,0,517288,4764,,,,,,0,517288,4764
11/3/2020,MT,399,,13,,1384,1384,389,11,,,477365,2686,,,,,,35159,,907,0,,,,,,21990,,0,512524,3593,,,,,,0,512524,3593
11/2/2020,MT,386,,10,,1373,1373,386,16,,,474679,6470,,,,,,34252,,757,0,,,,,,21496,,0,508931,7227,,,,,,0,508931,7227
11/1/2020,MT,376,,1,,1357,1357,376,7,,,468209,2095,,,,,,33495,,694,0,,,,,,21398,,0,501704,2789,,,,,,0,501704,2789
10/31/2020,MT,375,,11,,1350,1350,369,23,,,466114,5401,,,,,,32801,,885,0,,,,,,21353,,0,498915,6286,,,,,,0,498915,6286
10/30/2020,MT,364,,27,,1327,1327,357,15,,,460713,3959,,,,,,31916,,1063,0,,,,,,21102,,0,492629,5022,,,,,,0,492629,5022
10/29/2020,MT,337,,12,,1312,1312,373,14,,,456754,2250,,,,,,30853,,887,0,,,,,,20042,,0,487607,3137,,,,,,0,487607,3137
10/28/2020,MT,325,,20,,1298,1298,374,53,,,454504,2528,,,,,,29966,,620,0,,,,,,19519,,0,484470,3148,,,,,,0,484470,3148
10/27/2020,MT,305,,2,,1245,1245,350,8,,,451976,4152,,,,,,29346,,845,0,,,,,,18981,,0,481322,4997,,,,,,0,481322,4997
10/26/2020,MT,303,,6,,1237,1237,360,8,,,447824,10097,,,,,,28501,,621,0,,,,,,18343,,0,476325,10718,,,,,,0,476325,10718
10/25/2020,MT,297,,3,,1229,1229,357,49,,,437727,837,,,,,,27880,,738,0,,,,,,17832,,0,465607,1575,,,,,,0,465607,1575
10/24/2020,MT,294,,12,,1180,1180,348,10,,,436890,2393,,,,,,27142,,639,0,,,,,,17436,,0,464032,3032,,,,,,0,464032,3032
10/23/2020,MT,282,,4,,1170,1170,351,79,,,434497,7291,,,,,,26503,,863,0,,,,,,16611,,0,461000,8154,,,,,,0,461000,8154
10/22/2020,MT,278,,3,,1091,1091,353,23,,,427206,3924,,,,,,25640,,928,0,,,,,,16266,,0,452846,4852,,,,,,0,452846,4852
10/21/2020,MT,275,,23,,1068,1068,345,13,,,423282,2354,,,,,,24712,,619,0,,,,,,15085,,0,447994,2973,,,,,,0,447994,2973
10/20/2020,MT,252,,11,,1055,1055,360,35,,,420928,1952,,,,,,24093,,703,0,,,,,,14842,,0,445021,2655,,,,,,0,445021,2655
10/19/2020,MT,241,,0,,1020,1020,339,10,,,418976,10663,,,,,,23390,,569,0,,,,,,13538,,0,442366,11232,,,,,,0,442366,11232
10/18/2020,MT,241,,1,,1010,1010,331,9,,,408313,2418,,,,,,22821,,588,0,,,,,,13441,,0,431134,3006,,,,,,0,431134,3006
10/17/2020,MT,240,,5,,1001,1001,324,15,,,405895,2028,,,,,,22233,,638,0,,,,,,13395,,0,428128,2666,,,,,,0,428128,2666
10/16/2020,MT,235,,5,,986,986,319,27,,,403867,4968,,,,,,21595,,662,0,,,,,,13212,,0,425462,5630,,,,,,0,425462,5630
10/15/2020,MT,230,,5,,959,959,301,39,,,398899,4530,,,,,,20933,,723,0,,,,,,12854,,0,419832,5253,,,,,,0,419832,5253
10/14/2020,MT,225,,8,,920,920,292,9,,,394369,4329,,,,,,20210,,599,0,,,,,,12068,,0,414579,4928,,,,,,0,414579,4928
10/13/2020,MT,217,,5,,911,911,294,7,,,390040,8707,,,,,,19611,,486,0,,,,,,11620,,0,409651,9193,,,,,,0,409651,9193
10/12/2020,MT,212,,2,,904,904,291,12,,,381333,9777,,,,,,19125,,423,0,,,,,,11481,,0,400458,10200,,,,,,0,400458,10200
10/11/2020,MT,210,,1,,892,892,286,7,,,371556,1024,,,,,,18702,,585,0,,,,,,11361,,0,390258,1609,,,,,,0,390258,1609
10/10/2020,MT,209,,3,,885,885,280,17,,,370532,1185,,,,,,18117,,718,0,,,,,,11361,,0,388649,1903,,,,,,0,388649,1903
10/9/2020,MT,206,,9,,868,868,266,17,,,369347,4359,,,,,,17399,,722,0,,,,,,10863,,0,386746,5081,,,,,,0,386746,5081
10/8/2020,MT,197,,4,,851,851,263,31,,,364988,4875,,,,,,16677,,614,0,,,,,,10656,,0,381665,5489,,,,,,0,381665,5489
10/7/2020,MT,193,,1,,820,820,235,47,,,360113,2740,,,,,,16063,,716,0,,,,,,10518,,0,376176,3456,,,,,,0,376176,3456
10/6/2020,MT,192,,2,,773,773,216,19,,,357373,2245,,,,,,15347,,500,0,,,,,,10172,,0,372720,2745,,,,,,0,372720,2745
10/5/2020,MT,190,,3,,754,754,201,10,,,355128,12350,,,,,,14847,,212,0,,,,,,9649,,0,369975,12562,,,,,,0,369975,12562
10/4/2020,MT,187,,1,,744,744,191,3,,,342778,2351,,,,,,14635,,279,0,,,,,,9597,,0,357413,2630,,,,,,0,357413,2630
10/3/2020,MT,186,,0,,741,741,189,12,,,340427,920,,,,,,14356,,501,0,,,,,,9601,,0,354783,1421,,,,,,0,354783,1421
10/2/2020,MT,186,,5,,729,729,177,2,,,339507,4298,,,,,,13855,,355,0,,,,,,9569,,0,353362,4653,,,,,,0,353362,4653
10/1/2020,MT,181,,1,,727,727,178,10,,,335209,5122,,,,,,13500,,429,0,,,,,,9428,,0,348709,5551,,,,,,0,348709,5551
9/30/2020,MT,180,,3,,717,717,170,8,,,330087,2885,,,,,,13071,,347,0,,,,,,9256,,0,343158,3232,,,,,,0,343158,3232
9/29/2020,MT,177,,3,,709,709,166,11,,,327202,2419,,,,,,12724,,311,0,,,,,,9093,,0,339926,2730,,,,,,0,339926,2730
9/28/2020,MT,174,,1,,698,698,158,11,,,324783,6583,,,,,,12413,,306,0,,,,,,8839,,0,337196,6889,,,,,,0,337196,6889
9/27/2020,MT,173,,2,,687,687,148,3,,,318200,822,,,,,,12107,,200,0,,,,,,8779,,0,330307,1022,,,,,,0,330307,1022
9/26/2020,MT,171,,1,,684,684,147,9,,,317378,2826,,,,,,11907,,343,0,,,,,,8749,,0,329285,3169,,,,,,0,329285,3169
9/25/2020,MT,170,,5,,675,675,140,25,,,314552,4276,,,,,,11564,,322,0,,,,,,8681,,0,326116,4598,,,,,,0,326116,4598
9/24/2020,MT,165,,0,,650,650,128,49,,,310276,4028,,,,,,11242,,330,0,,,,,,8634,,0,321518,4358,,,,,,0,321518,4358
9/23/2020,MT,165,,2,,601,601,124,17,,,306248,2939,,,,,,10912,,212,0,,,,,,8510,,0,317160,3151,,,,,,0,317160,3151
9/22/2020,MT,163,,3,,584,584,111,8,,,303309,2476,,,,,,10700,,271,0,,,,,,7937,,0,314009,2747,,,,,,0,314009,2747
9/21/2020,MT,160,,3,,576,576,108,6,,,300833,8319,,,,,,10429,,130,0,,,,,,7876,,0,311262,8449,,,,,,0,311262,8449
9/20/2020,MT,157,,1,,570,570,104,3,,,292514,1837,,,,,,10299,,136,0,,,,,,7807,,0,302813,1973,,,,,,0,302813,1973
9/19/2020,MT,156,,10,,567,567,104,12,,,290677,1993,,,,,,10163,,292,0,,,,,,7553,,0,300840,2285,,,,,,0,300840,2285
9/18/2020,MT,146,,3,,555,555,105,6,,,288684,3032,,,,,,9871,,224,0,,,,,,7500,,0,298555,3256,,,,,,0,298555,3256
9/17/2020,MT,143,,2,,549,549,107,6,,,285652,2682,,,,,,9647,,216,0,,,,,,7401,,0,295299,2898,,,,,,0,295299,2898
9/16/2020,MT,141,,1,,543,543,106,4,,,282970,2846,,,,,,9431,,187,0,,,,,,7186,,0,292401,3033,,,,,,0,292401,3033
9/15/2020,MT,140,,2,,539,539,109,8,,,280124,3361,,,,,,9244,,137,0,,,,,,7150,,0,289368,3498,,,,,,0,289368,3498
9/14/2020,MT,138,,3,,531,531,144,6,,,276763,5660,,,,,,9107,,86,0,,,,,,6842,,0,285870,5746,,,,,,0,285870,5746
9/13/2020,MT,135,,2,,525,525,145,4,,,271103,1300,,,,,,9021,,96,0,,,,,,6830,,0,280124,1396,,,,,,0,280124,1396
9/12/2020,MT,133,,2,,521,521,144,3,,,269803,3930,,,,,,8925,,140,0,,,,,,6824,,0,278728,4070,,,,,,0,278728,4070
9/11/2020,MT,131,,8,,518,518,142,6,,,265873,1183,,,,,,8785,,122,0,,,,,,6795,,0,274658,1305,,,,,,0,274658,1305
9/10/2020,MT,123,,1,,512,512,163,3,,,264690,2008,,,,,,8663,,195,0,,,,,,6732,,0,273353,2203,,,,,,0,273353,2203
9/9/2020,MT,122,,3,,509,509,163,7,,,262682,2283,,,,,,8468,,87,0,,,,,,6318,,0,271150,2370,,,,,,0,271150,2370
9/8/2020,MT,119,,1,,502,502,161,4,,,260399,1590,,,,,,8381,,65,0,,,,,,6270,,0,268780,1655,,,,,,0,268780,1655
9/7/2020,MT,118,,1,,498,498,163,12,,,258809,5047,,,,,,8316,,52,0,,,,,,6246,,0,267125,5099,,,,,,0,267125,5099
9/6/2020,MT,117,,1,,486,486,156,9,,,253762,876,,,,,,8264,,100,0,,,,,,6243,,0,262026,976,,,,,,0,262026,976
9/5/2020,MT,116,,2,,477,477,151,3,,,252886,917,,,,,,8164,,145,0,,,,,,6219,,0,261050,1062,,,,,,0,261050,1062
9/4/2020,MT,114,,3,,474,474,150,2,,,251969,4180,,,,,,8019,,148,0,,,,,,5821,,0,259988,4328,,,,,,0,259988,4328
9/3/2020,MT,111,,2,,472,472,151,11,,,247789,1607,,,,,,7871,,180,0,,,,,,5727,,0,255660,1787,,,,,,0,255660,1787
9/2/2020,MT,109,,4,,461,461,150,14,,,246182,1395,,,,,,7691,,182,0,,,,,,5584,,0,253873,1577,,,,,,0,253873,1577
9/1/2020,MT,105,,1,,447,447,140,11,,,244787,1970,,,,,,7509,,88,0,,,,,,5459,,0,252296,2058,,,,,,0,252296,2058
8/31/2020,MT,104,,0,,436,436,134,4,,,242817,3496,,,,,,7421,,81,0,,,,,,5330,,0,250238,3577,,,,,,0,250238,3577
8/30/2020,MT,104,,0,,432,432,131,3,,,239321,1191,,,,,,7340,,89,0,,,,,,5283,,0,246661,1280,,,,,,0,246661,1280
8/29/2020,MT,104,,4,,429,429,128,12,,,238130,2318,,,,,,7251,,188,0,,,,,,5278,,0,245381,2506,,,,,,0,245381,2506
8/28/2020,MT,100,,2,,417,417,121,5,,,235812,2082,,,,,,7063,,134,0,,,,,,5172,,0,242875,2216,,,,,,0,242875,2216
8/27/2020,MT,98,,0,,412,412,119,10,,,233730,2255,,,,,,6929,,144,0,,,,,,5024,,0,240659,2399,,,,,,0,240659,2399
8/26/2020,MT,98,,1,,402,402,125,8,,,231475,1592,,,,,,6785,,161,0,,,,,,4983,,0,238260,1753,,,,,,0,238260,1753
8/25/2020,MT,97,,6,,394,394,119,11,,,229883,2699,,,,,,6624,,135,0,,,,,,4891,,0,236507,2834,,,,,,0,236507,2834
8/24/2020,MT,91,,1,,383,383,114,4,,,227184,22864,,,,,,6489,,60,0,,,,,,4842,,0,233673,22924,,,,,,0,233673,22924
8/23/2020,MT,90,,0,,379,379,111,1,,,204320,980,,,,,,6429,,53,0,,,,,,4816,,0,210749,1033,,,,,,0,210749,1033
8/22/2020,MT,90,,1,,378,378,110,15,,,203340,929,,,,,,6376,,160,0,,,,,,4815,,0,209716,1089,,,,,,0,209716,1089
8/21/2020,MT,89,,0,,363,363,97,6,,,202411,923,,,,,,6216,,144,0,,,,,,4798,,0,208627,1067,,,,,,0,208627,1067
8/20/2020,MT,89,,5,,357,357,101,9,,,201488,911,,,,,,6072,,116,0,,,,,,4434,,0,207560,1027,,,,,,0,207560,1027
8/19/2020,MT,84,,0,,348,348,102,9,,,200577,911,,,,,,5956,,110,0,,,,,,4357,,0,206533,1021,,,,,,0,206533,1021
8/18/2020,MT,84,,2,,339,339,97,9,,,199666,733,,,,,,5846,,54,0,,,,,,4206,,0,205512,787,,,,,,0,205512,787
8/17/2020,MT,82,,0,,330,330,94,4,,,198933,2759,,,,,,5792,,42,0,,,,,,4162,,0,204725,2801,,,,,,0,204725,2801
8/16/2020,MT,82,,0,,326,326,90,2,,,196174,897,,,,,,5750,,91,0,,,,,,4145,,0,201924,988,,,,,,0,201924,988
8/15/2020,MT,82,,1,,324,324,90,5,,,195277,957,,,,,,5659,,118,0,,,,,,4123,,0,200936,1075,,,,,,0,200936,1075
8/14/2020,MT,81,,0,,319,319,86,4,,,194320,1907,,,,,,5541,,134,0,,,,,,4011,,0,199861,2041,,,,,,0,199861,2041
8/13/2020,MT,81,,1,,315,315,101,14,,,192413,1645,,,,,,5407,,139,0,,,,,,3937,,0,197820,1784,,,,,,0,197820,1784
8/12/2020,MT,80,,3,,301,301,97,25,,,190768,1460,,,,,,5268,,164,0,,,,,,3598,,0,196036,1624,,,,,,0,196036,1624
8/11/2020,MT,77,,2,,276,276,77,3,,,189308,920,,,,,,5104,,87,0,,,,,,3542,,0,194412,1007,,,,,,0,194412,1007
8/10/2020,MT,75,,0,,273,273,80,1,,,188388,3394,,,,,,5017,,65,0,,,,,,3413,,0,193405,3459,,,,,,0,193405,3459
8/9/2020,MT,75,,0,,272,272,83,4,,,184994,1037,,,,,,4952,,63,0,,,,,,3275,,0,189946,1100,,,,,,0,189946,1100
8/8/2020,MT,75,,5,,268,268,81,4,,,183957,958,,,,,,4889,,132,0,,,,,,3255,,0,188846,1090,,,,,,0,188846,1090
8/7/2020,MT,70,,5,,264,264,84,5,,,182999,1786,,,,,,4757,,155,0,,,,,,3122,,0,187756,1941,,,,,,0,187756,1941
8/6/2020,MT,65,,0,,259,259,87,11,,,181213,2518,,,,,,4602,,173,0,,,,,,2964,,0,185815,2691,,,,,,0,185815,2691
8/5/2020,MT,65,,1,,248,248,79,10,,,178695,1773,,,,,,4429,,115,0,,,,,,2820,,0,183124,1888,,,,,,0,183124,1888
8/4/2020,MT,64,,0,,238,238,70,2,,,176922,1647,,,,,,4314,,81,0,,,,,,2766,,0,181236,1728,,,,,,0,181236,1728
8/3/2020,MT,64,,3,,236,236,69,3,,,175275,5173,,,,,,4233,,40,0,,,,,,2653,,0,179508,5213,,,,,,0,179508,5213
8/2/2020,MT,61,,0,,233,233,72,3,,,170102,2630,,,,,,4193,,112,0,,,,,,2466,,0,174295,2742,,,,,,0,174295,2742
8/1/2020,MT,61,,1,,230,230,71,0,,,167472,1467,,,,,,4081,,116,0,,,,,,2456,,0,171553,1583,,,,,,0,171553,1583
7/31/2020,MT,60,,5,,230,230,71,9,,,166005,1203,,,,,,3965,,151,0,,,,,,2331,,0,169970,1354,,,,,,0,169970,1354
7/30/2020,MT,55,,1,,221,221,69,10,,,164802,3123,,,,,,3814,,138,0,,,,,,2240,,0,168616,3261,,,,,,0,168616,3261
7/29/2020,MT,54,,3,,211,211,59,6,,,161679,3746,,,,,,3676,,201,0,,,,,,2212,,0,165355,3947,,,,,,0,165355,3947
7/28/2020,MT,51,,4,,205,205,62,4,,,157933,2659,,,,,,3475,,94,0,,,,,,2104,,0,161408,2753,,,,,,0,161408,2753
7/27/2020,MT,47,,1,,201,201,61,2,,,155274,6301,,,,,,3381,,39,0,,,,,,2090,,0,158655,6340,,,,,,0,158655,6340
7/26/2020,MT,46,,0,,199,199,62,4,,,148973,1218,,,,,,3342,,82,0,,,,,,2079,,0,152315,1300,,,,,,0,152315,1300
7/25/2020,MT,46,,0,,195,195,59,4,,,147755,1594,,,,,,3260,,221,0,,,,,,1977,,0,151015,1815,,,,,,0,151015,1815
7/24/2020,MT,46,,3,,191,191,56,8,,,146161,2853,,,,,,3039,,129,0,,,,,,1815,,0,149200,2982,,,,,,0,149200,2982
7/23/2020,MT,43,,1,,183,183,54,4,,,143308,2603,,,,,,2910,,97,0,,,,,,1587,,0,146218,2700,,,,,,0,146218,2700
7/22/2020,MT,42,,2,,179,179,52,5,,,140705,2415,,,,,,2813,,101,0,,,,,,1543,,0,143518,2516,,,,,,0,143518,2516
7/21/2020,MT,40,,1,,174,174,49,7,,,138290,1869,,,,,,2712,,91,0,,,,,,1493,,0,141002,1960,,,,,,0,141002,1960
7/20/2020,MT,39,,2,,167,167,48,2,,,136421,5795,,,,,,2621,,88,0,,,,,,1334,,0,139042,5883,,,,,,0,139042,5883
7/19/2020,MT,37,,0,,165,165,47,1,,,130626,1218,,,,,,2533,,62,0,,,,,,1075,,0,133159,1280,,,,,,0,133159,1280
7/18/2020,MT,37,,0,,164,164,46,5,,,129408,1370,,,,,,2471,,105,0,,,,,,1075,,0,131879,1475,,,,,,0,131879,1475
7/17/2020,MT,37,,2,,159,159,45,9,,,128038,2429,,,,,,2366,,135,0,,,,,,992,,0,130404,2564,,,,,,0,130404,2564
7/16/2020,MT,35,,1,,150,150,37,5,,,125609,3947,,,,,,2231,,135,0,,,,,,970,,0,127840,4082,,,,,,0,127840,4082
7/15/2020,MT,34,,0,,145,145,37,9,,,121662,2218,,,,,,2096,,144,0,,,,,,915,,0,123758,2362,,,,,,0,123758,2362
7/14/2020,MT,34,,2,,136,136,29,3,,,119444,2592,,,,,,1952,,109,0,,,,,,884,,0,121396,2701,,,,,,0,121396,2701
7/13/2020,MT,32,,3,,133,133,28,5,,,116852,3949,,,,,,1843,,85,0,,,,,,875,,0,118695,4034,,,,,,0,118695,4034
7/12/2020,MT,29,,0,,128,128,26,1,,,112903,1221,,,,,,1758,,81,0,,,,,,865,,0,114661,1302,,,,,,0,114661,1302
7/11/2020,MT,29,,1,,127,127,24,4,,,111682,1097,,,,,,1677,,84,0,,,,,,864,,0,113359,1181,,,,,,0,113359,1181
7/10/2020,MT,28,,3,,123,123,21,3,,,110585,3286,,,,,,1593,,127,0,,,,,,855,,0,112178,3413,,,,,,0,112178,3413
7/9/2020,MT,25,,2,,120,120,24,3,,,107299,2249,,,,,,1466,,95,0,,,,,,796,,0,108765,2344,,,,,,0,108765,2344
7/8/2020,MT,23,,0,,117,117,22,0,,,105050,1050,,,,,,1371,,44,0,,,,,,759,,0,106421,1094,,,,,,0,106421,1094
7/7/2020,MT,23,,0,,117,117,22,5,,,104000,2323,,,,,,1327,,78,0,,,,,,716,,0,105327,2401,,,,,,0,105327,2401
7/6/2020,MT,23,,0,,112,112,20,0,,,101677,2783,,,,,,1249,,37,0,,,,,,678,,0,102926,2820,,,,,,0,102926,2820
7/5/2020,MT,23,,0,,112,112,20,0,,,98894,1111,,,,,,1212,,45,0,,,,,,678,,0,100106,1156,,,,,,0,100106,1156
7/4/2020,MT,23,,0,,112,112,20,3,,,97783,1408,,,,,,1167,,39,0,,,,,,678,,0,98950,1447,,,,,,0,98950,1447
7/3/2020,MT,23,,1,,109,109,17,3,,,96375,2309,,,,,,1128,,45,0,,,,,,678,,0,97503,2354,,,,,,0,97503,2354
7/2/2020,MT,22,,0,,106,106,14,1,,,94066,1752,,,,,,1083,,67,0,,,,,,672,,0,95149,1819,,,,,,0,95149,1819
7/1/2020,MT,22,,0,,105,105,14,4,,,92314,2420,,,,,,1016,,49,0,,,,,,658,,0,93330,2469,,,,,,0,93330,2469
6/30/2020,MT,22,,0,,101,101,12,1,,,89894,2070,,,,,,967,,48,0,,,,,,642,,0,90861,2118,,,,,,0,90861,2118
6/29/2020,MT,22,,0,,100,100,13,3,,,87824,6213,,,,,,919,,56,0,,,,,,609,,0,88743,6269,,,,,,0,88743,6269
6/28/2020,MT,22,,0,,97,97,11,2,,,81611,1216,,,,,,863,,11,0,,,,,,604,,0,82474,1227,,,,,,0,82474,1227
6/27/2020,MT,22,,0,,95,95,9,0,,,80395,1063,,,,,,852,,23,0,,,,,,604,,0,81247,1086,,,,,,0,81247,1086
6/26/2020,MT,22,,1,,95,95,14,2,,,79332,1803,,,,,,829,,26,0,,,,,,589,,0,80161,1829,,,,,,0,80161,1829
6/25/2020,MT,21,,0,,93,93,15,0,,,77529,3229,,,,,,803,,37,0,,,,,,572,,0,78332,3266,,,,,,0,78332,3266
6/24/2020,MT,21,,0,,93,93,17,2,,,74300,1120,,,,,,766,,23,0,,,,,,571,,0,75066,1143,,,,,,0,75066,1143
6/23/2020,MT,21,,0,,91,91,15,1,,,73180,2615,,,,,,743,,3,0,,,,,,566,,0,73923,2618,,,,,,0,73923,2618
6/22/2020,MT,21,,1,,90,90,15,1,,,70565,925,,,,,,740,,23,0,,,,,,548,,0,71305,948,,,,,,0,71305,948
6/21/2020,MT,20,,0,,89,89,15,4,,,69640,808,,,,,,717,,19,0,,,,,,548,,0,70357,827,,,,,,0,70357,827
6/20/2020,MT,20,,0,,85,85,10,3,,,68832,1076,,,,,,698,,32,0,,,,,,548,,0,69530,1108,,,,,,0,69530,1108
6/19/2020,MT,20,,0,,82,82,9,1,,,67756,1541,,,,,,666,,11,0,,,,,,546,,0,68422,1552,,,,,,0,68422,1552
6/18/2020,MT,20,,0,,81,81,8,3,,,66215,1330,,,,,,655,,25,0,,,,,,545,,0,66870,1355,,,,,,0,66870,1355
6/17/2020,MT,20,,1,,78,78,5,-1,,,64885,1922,,,,,,630,,16,0,,,,,,538,,0,65515,1938,,,,,,0,65515,1938
6/16/2020,MT,19,,0,,79,79,8,1,,,62963,2635,,,,,,614,,5,0,,,,,,535,,0,63577,2640,,,,,,0,63577,2640
6/15/2020,MT,19,,0,,78,78,7,1,,,60328,2022,,,,,,609,,8,0,,,,,,510,,0,60937,2030,,,,,,0,60937,2030
6/14/2020,MT,19,,1,,77,77,6,0,,,58306,890,,,,,,601,,13,0,,,,,,510,,0,58907,903,,,,,,0,58907,903
6/13/2020,MT,18,,0,,77,77,7,0,,,57416,967,,,,,,588,,15,0,,,,,,510,,0,58004,982,,,,,,0,58004,982
6/12/2020,MT,18,,0,,77,77,7,3,,,56449,1235,,,,,,573,,10,0,,,,,,489,,0,57022,1245,,,,,,0,57022,1245
6/11/2020,MT,18,,0,,74,74,7,0,,,55214,1159,,,,,,563,,2,0,,,,,,487,,0,55777,1161,,,,,,0,55777,1161
6/10/2020,MT,18,,0,,74,74,7,2,,,54055,1425,,,,,,561,,7,0,,,,,,487,,0,54616,1432,,,,,,0,54616,1432
6/9/2020,MT,18,,0,,72,72,5,3,,,52630,1586,,,,,,554,,6,0,,,,,,485,,0,53184,1592,,,,,,0,53184,1592
6/8/2020,MT,18,,0,,69,69,2,0,,,51044,4211,,,,,,548,,3,0,,,,,,475,,0,51592,4214,,,,,,0,51592,4214
6/7/2020,MT,18,,0,,69,69,2,1,,,46833,619,,,,,,545,,5,0,,,,,,475,,0,47378,624,,,,,,0,47378,624
6/6/2020,MT,18,,0,,68,68,1,0,,,46214,867,,,,,,540,,-1,0,,,,,,472,,0,46754,866,,,,,,0,46754,866
6/5/2020,MT,18,,1,,68,68,1,0,,,45347,1244,,,,,,541,,2,0,,,,,,470,,0,45888,1246,,,,,,0,45888,1246
6/4/2020,MT,17,,0,,68,68,1,0,,,44103,1180,,,,,,539,,14,0,,,,,,467,,0,44642,1194,,,,,,0,44642,1194
6/3/2020,MT,17,,0,,68,68,1,1,,,42923,1234,,,,,,525,,2,0,,,,,,464,,0,43448,1236,,,,,,0,43448,1236
6/2/2020,MT,17,,0,,67,67,1,0,,,41689,1551,,,,,,523,,4,0,,,,,,462,,0,42212,1555,,,,,,0,42212,1555
6/1/2020,MT,17,,0,,67,67,2,0,,,40138,855,,,,,,519,,4,0,,,,,,461,,0,40657,859,,,,,,0,40657,859
5/31/2020,MT,17,,0,,67,67,2,0,,,39283,504,,,,,,515,,10,0,,,,,,456,,0,39798,514,,,,,,0,39798,514
5/30/2020,MT,17,,0,,67,67,2,0,,,38779,743,,,,,,505,,12,0,,,,,,448,,0,39284,755,,,,,,0,39284,755
5/29/2020,MT,17,,0,,67,67,2,1,,,38036,1728,,,,,,493,,8,0,,,,,,448,,0,38529,1736,,,,,,0,38529,1736
5/28/2020,MT,17,,0,,66,66,1,0,,,36308,1146,,,,,,485,,4,0,,,,,,445,,0,36793,1150,,,,,,0,36793,1150
5/27/2020,MT,17,,0,,66,66,2,1,,,35162,1807,,,,,,481,,2,0,,,,,,444,,0,35643,1809,,,,,,0,35643,1809
5/26/2020,MT,17,,1,,65,65,2,0,,,33355,152,,,,,,479,,0,0,,,,,,441,,0,33834,152,,,,,,0,33834,152
5/25/2020,MT,16,,0,,65,65,3,0,,,33203,301,,,,,,479,,0,0,,,,,,441,,0,33682,301,,,,,,0,33682,301
5/24/2020,MT,16,,0,,65,65,3,0,,,32902,729,,,,,,479,,0,0,,,,,,441,,0,33381,729,,,,,,0,33381,729
5/23/2020,MT,16,,0,,65,65,3,0,,,32173,795,,,,,,479,,0,0,,,,,,441,,0,32652,795,,,,,,0,32652,795
5/22/2020,MT,16,,0,,65,65,3,0,,,31378,1333,,,,,,479,,0,0,,,,,,441,,0,31857,1333,,,,,,0,31857,1333
5/21/2020,MT,16,,0,,65,65,3,0,,,30045,797,,,,,,479,,1,0,,,,,,440,,0,30524,798,,,,,,0,30524,798
5/20/2020,MT,16,,0,,65,65,3,0,,,29248,769,,,,,,478,,7,0,,,,,,440,,0,29726,776,,,,,,0,29726,776
5/19/2020,MT,16,,0,,65,65,5,1,,,28479,782,,,,,,471,,1,0,,,,,,437,,0,28950,783,,,,,,0,28950,783
5/18/2020,MT,16,,0,,64,64,4,1,,,27697,1280,,,,,,470,,2,0,,,,,,434,,0,28167,1282,,,,,,0,28167,1282
5/17/2020,MT,16,,0,,63,63,3,0,,,26417,794,,,,,,468,,0,0,,,,,,431,,0,26885,794,,,,,,0,26885,794
5/16/2020,MT,16,,0,,63,63,3,0,,,25623,671,,,,,,468,,2,0,,,,,,431,,0,26091,673,,,,,,0,26091,673
5/15/2020,MT,16,,0,,63,63,3,0,,,24952,865,,,,,,466,,4,0,,,,,,431,,0,25418,869,,,,,,0,25418,869
5/14/2020,MT,16,,0,,63,63,3,0,,,24087,697,,,,,,462,,0,0,,,,,,431,,0,24549,697,,,,,,0,24549,697
5/13/2020,MT,16,,0,,63,63,3,0,,,23390,816,,,,,,462,,1,0,,,,,,430,,0,23852,817,,,,,,0,23852,817
5/12/2020,MT,16,,0,,63,63,4,1,,,22574,461,,,,,,461,,2,0,,,,,,425,,0,23035,463,,,,,,0,23035,463
5/11/2020,MT,16,,0,,62,62,4,0,,,22113,867,,,,,,459,,1,0,,,,,,423,,0,22572,868,,,,,,0,22572,868
5/10/2020,MT,16,,0,,62,62,4,0,,,21246,375,,,,,,458,,0,0,,,,,,422,,0,21704,375,,,,,,0,21704,375
5/9/2020,MT,16,,0,,62,62,4,0,,,20871,384,,,,,,458,,0,0,,,,,,422,,0,21329,384,,,,,,0,21329,384
5/8/2020,MT,16,,0,,62,62,6,0,,,20487,696,,,,,,458,,2,0,,,,,,420,,0,20945,698,,,,,,0,20945,698
5/7/2020,MT,16,,0,,62,62,6,0,,,19791,543,,,,,,456,,0,0,,,,,,417,,0,20247,543,,,,,,0,20247,543
5/6/2020,MT,16,,0,,62,62,6,0,,,19248,4432,,,,,,456,,0,0,,,,,,417,,0,19704,4432,,,,,,0,19704,4432
5/5/2020,MT,16,,0,,62,62,6,0,,,14816,185,,,,,,456,,-1,0,,,,,,410,,0,15272,184,,,,,,0,15272,184
5/4/2020,MT,16,,0,,62,62,6,1,,,14631,79,,,,,,457,,2,0,,,,,,404,,0,15088,81,,,,,,0,15088,81
5/3/2020,MT,16,,0,,61,61,5,0,,,14552,372,,,,,,455,,0,0,,,,,,404,,0,15007,372,,,,,,0,15007,372
5/2/2020,MT,16,,0,,61,61,5,0,,,14180,430,,,,,,455,,2,0,,,,,,404,,0,14635,432,,,,,,0,14635,432
5/1/2020,MT,16,,0,,61,61,5,0,,,13750,289,,,,,,453,,0,0,,,,,,397,,0,14203,289,,,,,,0,14203,289
4/30/2020,MT,16,,0,,61,61,5,0,,,13461,384,,,,,,453,,2,0,,,,,,392,,0,13914,386,,,,,,0,13914,386
4/29/2020,MT,16,,1,,61,61,5,0,,,13077,337,,,,,,451,,0,0,,,,,,382,,0,13528,337,,,,,,0,13528,337
4/28/2020,MT,15,,1,,61,61,10,0,,,12740,156,,,,,,451,,2,0,,,,,,356,,0,13191,158,,,,,,0,13191,158
4/27/2020,MT,14,,0,,61,61,11,0,,,12584,170,,,,,,449,,1,0,,,,,,352,,0,13033,171,,,,,,0,13033,171
4/26/2020,MT,14,,0,,61,61,11,0,,,12414,362,,,,,,448,,3,0,,,,,,339,,0,12862,365,,,,,,0,12862,365
4/25/2020,MT,14,,0,,61,61,11,2,,,12052,369,,,,,,445,,1,0,,,,,,339,,0,12497,370,,,,,,0,12497,370
4/24/2020,MT,14,,0,,59,59,12,0,,,11683,250,,,,,,444,,2,0,,,,,,325,,0,12127,252,,,,,,0,12127,252
4/23/2020,MT,14,,0,,59,59,13,0,,,11433,289,,,,,,442,,3,0,,,,,,306,,0,11875,292,,,,,,0,11875,292
4/22/2020,MT,14,,2,,59,59,13,0,,,11144,340,,,,,,439,,2,0,,,,,,296,,0,11583,342,,,,,,0,11583,342
4/21/2020,MT,12,,2,,59,59,14,2,,,10804,186,,,,,,437,,4,0,,,,,,273,,0,11241,190,,,,,,0,11241,190
4/20/2020,MT,10,,0,,57,57,19,2,,,10618,153,,,,,,433,,0,0,,,,,,243,,0,11051,153,,,,,,0,11051,153
4/19/2020,MT,10,,0,,55,55,18,0,,,10465,322,,,,,,433,,7,0,,,,,,243,,0,10898,329,,,,,,0,10898,329
4/18/2020,MT,10,,2,,55,55,17,1,,,10143,321,,,,,,426,,4,0,,,,,,234,,0,10569,325,,,,,,0,10569,325
4/17/2020,MT,8,,1,,54,54,21,2,,,9822,301,,,,,,422,,7,0,,,,,,233,,0,10244,308,,,,,,0,10244,308
4/16/2020,MT,7,,0,,52,52,21,1,,,9521,342,,,,,,415,,11,0,,,,,,218,,0,9936,353,,,,,,0,9936,353
4/15/2020,MT,7,,0,,51,51,21,1,,,9179,344,,,,,,404,,5,0,,,,,,209,,0,9583,349,,,,,,0,9583,349
4/14/2020,MT,7,,0,,50,50,24,3,,,8835,131,,,,,,399,,5,0,,,,,,197,,0,9234,136,,,,,,0,9234,136
4/13/2020,MT,7,,1,,47,47,21,0,,,8704,178,,,,,,394,,7,0,,,,,,171,,0,9098,185,,,,,,0,9098,185
4/12/2020,MT,6,,0,,47,47,22,1,,,8526,322,,,,,,387,,10,0,,,,,,169,,0,8913,332,,,,,,0,8913,332
4/11/2020,MT,6,,0,,46,46,21,5,,,8204,272,,,,,,377,,12,0,,,,,,169,,0,8581,284,,,,,,0,8581,284
4/10/2020,MT,6,,0,,41,41,29,5,,,7932,426,,,,,,365,,11,0,,,,,,165,,0,8297,437,,,,,,0,8297,437
4/9/2020,MT,6,,0,,36,36,13,5,,,7506,440,,,,,,354,,22,0,,,,,,157,,0,7860,462,,,,,,0,7860,462
4/8/2020,MT,6,,0,,31,31,,3,,,7066,400,,,,,,332,,13,0,,,,,,135,,0,7398,413,,,,,,0,7398,413
4/7/2020,MT,6,,0,,28,28,,4,,,6666,175,,,,,,319,,20,0,,,,,,,,0,6985,195,,,,,,0,6985,196
4/6/2020,MT,6,,0,,24,24,,0,,,6491,174,,,,,,299,,13,0,,,,,,,,0,6790,187,,,,,,0,6789,186
4/5/2020,MT,6,,1,,24,24,,0,,,6317,405,,,,,,286,,21,0,,,,,,,,0,6603,426,,,,,,0,6603,374
4/4/2020,MT,5,,0,,24,24,,0,,,5912,579,,,,,,265,,22,0,,,,,,,,0,6177,601,,,,,,0,6229,511
4/3/2020,MT,5,,0,,24,24,,4,,,5333,240,,,,,,243,,16,0,,,,,,,,0,5576,256,,,,,,0,5718,530
4/2/2020,MT,5,,0,,20,20,,3,,,5093,383,,,,,,227,,19,0,,,,,,,,0,5320,402,,,,,,0,5188,343
4/1/2020,MT,5,,1,,17,17,,3,,,4710,476,,,,,,208,,24,0,,,,,,,,0,4918,500,,,,,,0,4845,960
3/31/2020,MT,4,,0,,14,14,,4,,,4234,91,,,,,,184,,13,0,,,,,,,,0,4418,104,,,,,,0,3885,0
3/30/2020,MT,4,,3,,10,10,,2,,,4143,0,,,,,,171,,17,0,,,,,,,,0,4314,17,,,,,,0,3885,0
3/29/2020,MT,1,,0,,8,8,,1,,,4143,887,,,,,,154,,25,0,,,,,,,,0,4297,912,,,,,,0,3885,468
3/28/2020,MT,1,,1,,7,7,,0,,,3256,666,,,,,,129,,21,0,,,,,,,,0,3385,687,,,,,,0,3417,3417
3/27/2020,MT,,,0,,7,7,,6,,,2590,462,,,,,,108,,37,0,,,,,,,,0,2698,499,,,,,,0,,0
3/26/2020,MT,,,0,,1,1,,1,,,2128,180,,,,,,71,,18,0,,,,,,,,0,2199,198,,,,,,0,,0
3/25/2020,MT,,,0,,,,,0,,,1948,305,,,,,,53,,7,0,,,,,,,,0,2001,312,,,,,,0,,0
3/24/2020,MT,,,0,,,,,0,,,1643,497,,,,,,46,,12,0,,,,,,,,0,1689,509,,,,,,0,,0
3/23/2020,MT,,,0,,,,,0,,,1146,0,,,,,,34,,3,0,,,,,,,,0,1180,3,,,,,,0,,0
3/22/2020,MT,,,0,,,,,0,,,1146,0,,,,,,31,,11,0,,,,,,,,0,1177,11,,,,,,0,,0
3/21/2020,MT,,,0,,,,,0,,,1146,215,,,,,,20,,4,0,,,,,,,,0,1166,219,,,,,,0,,0
3/20/2020,MT,,,0,,,,,0,,,931,170,,,,,,16,,4,0,,,,,,,,0,947,174,,,,,,0,,0
3/19/2020,MT,,,0,,,,,0,,,761,262,,,,,,12,,2,0,,,,,,,,0,773,264,,,,,,0,,0
3/18/2020,MT,,,0,,,,,0,,,499,196,,,,,,10,,2,0,,,,,,,,0,509,198,,,,,,0,,0
3/17/2020,MT,,,0,,,,,0,,,303,105,,,,,,8,,1,0,,,,,,,,0,311,106,,,,,,0,,0
3/16/2020,MT,,,0,,,,,0,,,198,95,,,,,,7,,0,0,,,,,,,,0,205,95,,,,,,0,,0
3/15/2020,MT,,,0,,,,,0,,,103,0,,,,,,7,,2,0,,,,,,,,0,110,2,,,,,,0,,0
3/14/2020,MT,,,0,,,,,0,,,103,48,,,,,,5,,4,0,,,,,,,,0,108,52,,,,,,0,,0
3/13/2020,MT,,,0,,,,,0,,,55,21,,,,,,1,,0,0,,,,,,,,0,56,21,,,,,,0,,0
3/12/2020,MT,,,0,,,,,0,,,34,13,,,,,,1,,1,0,,,,,,,,0,35,14,,,,,,0,,0
3/11/2020,MT,,,0,,,,,0,,,21,6,,,,,,0,,0,0,,,,,,,,0,21,6,,,,,,0,,0
3/10/2020,MT,,,0,,,,,0,,,15,4,,,,,,0,,0,0,,,,,,,,0,15,4,,,,,,0,,0
3/9/2020,MT,,,0,,,,,0,,,11,0,,,,,,0,,0,0,,,,,,,,0,11,0,,,,,,0,,0
3/8/2020,MT,,,0,,,,,0,,,11,0,,,,,,0,,0,0,,,,,,,,0,11,0,,,,,,0,,0
3/7/2020,MT,,,0,,,,,0,,,11,0,,,,,,0,,0,0,,,,,,,,0,11,0,,,,,,0,,0
